run_id,target_users,started_at_utc,ended_at_utc,start_epoch,end_epoch,user_id,sequence,image_path,image_category,image_set_type,image_width,image_height,image_bytes,question_id,prompt_profile,conversation_status,upload_status,sse_status,conversation_ms,upload_ms,sse_headers_ms,ttft_ms,sse_total_ms,transaction_ms,sse_event_count,content_event_count,response_chars,completion_marker,success,error_type,error_message,sse_debug_preview,response_preview
20261005T070541Z,2,2026-10-05T07:10:48.400+00:00,2026-10-05T07:10:48.837+00:00,1791184248.400605,1791184248.837301,dd8a2c82-a294-4aac-8296-974df23e5180,1,release/bkg/S319441451-GF-A19-EAS-T01-S1-LH-C1-I0006-F00.png,bkg,single,512,512,361567,overall_binary,short,200,200,200,18.042,103.99,2.597,170.097,314.195,436.695,7,6,20,1,1,,,[answer] | ↵ | thought | ↵ | 不,[answer]↵thought↵不符合
20261005T070541Z,2,2026-10-05T07:10:48.837+00:00,2026-10-05T07:10:49.176+00:00,1791184248.837483,1791184249.176862,dd8a2c82-a294-4aac-8296-974df23e5180,2,release/pixel/S415761895-GF-A62-EAS-T03-S1-LH-C1-I0005-F00.png,pixel,single,512,512,249670,overall_binary,short,200,200,200,6.401,58.791,2.146,138.518,273.883,339.379,6,5,19,1,1,,,[answer] | ↵ | thought | ↵ | 符合,[answer]↵thought↵符合
20261005T070541Z,2,2026-10-05T07:10:49.177+00:00,2026-10-05T07:10:49.518+00:00,1791184249.177043,1791184249.518140,dd8a2c82-a294-4aac-8296-974df23e5180,3,release/sat/S883374229-GF-A54-EEA-T14-S1-LH-C1-I0006-F00.png,sat,single,512,512,298234,overall_binary,short,200,200,200,6.453,62.75,2.132,133.723,271.599,341.097,6,5,19,1,1,,,[answer] | ↵ | thought | ↵ | 符合,[answer]↵thought↵符合
20261005T070541Z,2,2026-10-05T07:10:49.518+00:00,2026-10-05T07:10:49.892+00:00,1791184249.518303,1791184249.892956,dd8a2c82-a294-4aac-8296-974df23e5180,4,release/cap/S987384432-GF-A95-EME-T01-S1-LH-C1-I0003-F00.png,cap,single,512,512,320441,overall_binary,short,200,200,200,5.706,63.729,2.126,137.148,304.938,374.653,7,6,20,1,1,,,[answer] | ↵ | thought | ↵ | 不,[answer]↵thought↵不符合
20261005T070541Z,2,2026-10-05T07:10:48.400+00:00,2026-10-05T07:11:48.566+00:00,1791184248.400107,1791184308.566972,0fd7f189-9f28-40de-b7a0-1d8a13968ba7,1,release/la_1/S673442144-GF-A53-EEA-T01-S1-LH-C1-I0003-F00.png,la_1,single,512,512,350062,overall_binary,short,200,200,200,20.37,103.399,6.373,178.071,60042.908,60166.865,6,6,42,0,1,,,[answer] | ↵ | thought | ↵ | 符合,[answer]↵thought↵符合[ERROR]↵系統無法儲存紀錄，請稍後再試！
20261005T070541Z,2,2026-10-05T07:11:48.567+00:00,2026-10-05T07:11:48.909+00:00,1791184308.567141,1791184308.909706,0fd7f189-9f28-40de-b7a0-1d8a13968ba7,2,release/poster/S274869653-GF-A68-EAS-T03-S1-LH-C1-I0003-F00.png,poster,single,512,512,133242,overall_binary,short,200,200,200,10.779,58.103,2.055,144.372,273.4,342.564,7,6,16,1,1,,,[answer] | } | ** | 不 | 符合,[answer]}**不符合**
20261005T070541Z,2,2026-10-05T07:11:48.909+00:00,2026-10-05T07:11:49.277+00:00,1791184308.909896,1791184309.277560,0fd7f189-9f28-40de-b7a0-1d8a13968ba7,3,release/oof/S166658587-GM-A81-EEA-T03-S1-LH-C1-I0060-F00.png,oof,single,512,512,268458,overall_binary,short,200,200,200,6.113,62.19,2.001,134.292,299.074,367.664,4,3,11,1,1,,,[answer] | ↵ | 符合 | [END],[answer]↵符合
20261005T070541Z,2,2026-10-05T07:10:49.893+00:00,2026-10-05T07:11:49.986+00:00,1791184249.893137,1791184309.986701,dd8a2c82-a294-4aac-8296-974df23e5180,5,release/cap/S616105557-GF-A58-EEA-T11-S1-LH-C1-I0042-F00.png,cap,single,512,512,286104,overall_binary,short,200,200,200,6.091,66.23,2.073,172.294,60020.975,60093.564,7,7,43,0,1,,,[answer] | ↵ | thought | ↵ | 不,[answer]↵thought↵不符合[ERROR]↵系統無法儲存紀錄，請稍後再試！
20261005T070541Z,2,2026-10-05T07:11:49.986+00:00,2026-10-05T07:11:50.343+00:00,1791184309.986880,1791184310.343672,dd8a2c82-a294-4aac-8296-974df23e5180,6,release/poster/S932980426-GM-A79-EME-T14-S1-LH-C1-I0010-F00.png,poster,single,512,512,86177,overall_binary,short,200,200,200,9.467,74.79,1.97,131.873,272.174,356.791,6,5,19,1,1,,,[answer] | ↵ | thought | ↵ | 符合,[answer]↵thought↵符合
20261005T070541Z,2,2026-10-05T07:11:50.343+00:00,2026-10-05T07:11:50.730+00:00,1791184310.343971,1791184310.730247,dd8a2c82-a294-4aac-8296-974df23e5180,7,release/ceg/S274869653-GF-A68-EAS-T03-S1-LH-C1-I0003-F00.png,ceg,single,512,512,360379,overall_binary,short,200,200,200,7.747,68.523,2.813,145.431,309.498,386.276,7,6,20,1,1,,,[answer] | ↵ | thought | ↵ | 不,[answer]↵thought↵不符合
20261005T070541Z,2,2026-10-05T07:11:49.277+00:00,2026-10-05T07:12:49.389+00:00,1791184309.277728,1791184369.389983,0fd7f189-9f28-40de-b7a0-1d8a13968ba7,4,release/ce/S678466862-GF-A62-EEA-T03-S1-LH-C1-I0047-F00.png,ce,single,512,512,393977,overall_binary,short,200,200,200,7.746,72.153,3.303,172.479,60031.966,60112.254,7,7,43,0,1,,,[answer] | ↵ | thought | ↵ | 不,[answer]↵thought↵不符合[ERROR]↵系統無法儲存紀錄，請稍後再試！
20261005T070541Z,2,2026-10-05T07:12:49.390+00:00,2026-10-05T07:12:49.758+00:00,1791184369.390291,1791184369.758658,0fd7f189-9f28-40de-b7a0-1d8a13968ba7,5,release/ceg/S6470524-GF-A29-EAS-T14-S1-LH-C1-I0059-F00.png,ceg,single,512,512,325478,overall_binary,short,200,200,200,11.903,69.089,3.165,153.242,286.88,368.366,5,4,12,1,1,,,[answer] | ↵ | 不 | 符合 | [END],[answer]↵不符合
20261005T070541Z,2,2026-10-05T07:12:49.758+00:00,2026-10-05T07:12:50.103+00:00,1791184369.758945,1791184370.103335,0fd7f189-9f28-40de-b7a0-1d8a13968ba7,6,release/poster/S528079409-GM-A46-EEA-T11-S1-LH-C1-I0009-F00.png,poster,single,512,512,86471,overall_binary,short,200,200,200,8.294,60.168,3.239,136.566,275.551,344.389,6,5,19,1,1,,,[answer] | ↵ | thought | ↵ | 符合,[answer]↵thought↵符合
20261005T070541Z,2,2026-10-05T07:11:50.730+00:00,2026-10-05T07:12:50.817+00:00,1791184310.730522,1791184370.817580,dd8a2c82-a294-4aac-8296-974df23e5180,8,release/poster/S557350179-GF-A53-EAS-T03-S1-LH-C1-I0005-F00.png,poster,single,512,512,132235,overall_binary,short,200,200,200,7.303,56.982,2.293,167.149,60022.37,60087.057,4,4,34,0,1,,,[answer] | ↵ | 符合 | [ERROR]↵系統無法儲存紀錄，請稍後再試！,[answer]↵符合[ERROR]↵系統無法儲存紀錄，請稍後再試！
20261005T070541Z,2,2026-10-05T07:12:50.817+00:00,2026-10-05T07:12:51.215+00:00,1791184370.817842,1791184371.215880,dd8a2c82-a294-4aac-8296-974df23e5180,9,release/ceg/S313264566-GM-A81-EAF-T14-S1-LH-C1-I0059-F00.png,ceg,single,512,512,364139,overall_binary,short,200,200,200,9.077,69.876,2.216,175.374,318.616,398.038,7,6,20,1,1,,,[answer] | ↵ | thought | ↵ | 不,[answer]↵thought↵不符合
20261005T070541Z,2,2026-10-05T07:12:51.216+00:00,2026-10-05T07:12:51.579+00:00,1791184371.216183,1791184371.579464,dd8a2c82-a294-4aac-8296-974df23e5180,10,release/ceg/S590103000-GF-A47-EEA-T01-S1-LH-C1-I0063-F00.png,ceg,single,512,512,391022,overall_binary,short,200,200,200,7.395,74.156,2.575,139.54,281.188,363.28,7,6,20,1,1,,,[answer] | ↵ | thought | ↵ | 不,[answer]↵thought↵不符合
20261005T070541Z,2,2026-10-05T07:12:50.103+00:00,2026-10-05T07:13:50.212+00:00,1791184370.103565,1791184430.212888,0fd7f189-9f28-40de-b7a0-1d8a13968ba7,7,release/light/S926047332-GM-A22-EME-T14-S1-LH-C1-I0039-F00.png,light,single,512,512,325306,overall_binary,short,200,200,200,7.382,70.635,2.814,136.802,60030.848,60109.322,7,7,39,0,1,,,[answer] | } | ** | 不 | 符合,[answer]}**不符合**[ERROR]↵系統無法儲存紀錄，請稍後再試！
20261005T070541Z,2,2026-10-05T07:13:50.213+00:00,2026-10-05T07:13:50.570+00:00,1791184430.213173,1791184430.570086,0fd7f189-9f28-40de-b7a0-1d8a13968ba7,8,release/ce/S402397961-GF-A82-EEA-T00-S1-LH-C1-I0029-F00.png,ce,single,512,512,348748,overall_binary,short,200,200,200,11.99,72.259,2.763,158.369,272.174,356.912,6,5,19,1,1,,,[answer] | thought | ↵ | 不 | 符合,[answer]thought↵不符合
20261005T070541Z,2,2026-10-05T07:13:50.570+00:00,2026-10-05T07:13:50.902+00:00,1791184430.570348,1791184430.902890,0fd7f189-9f28-40de-b7a0-1d8a13968ba7,9,release/pixel/S219134961-GM-A51-EME-T00-S1-LH-C1-I0016-F00.png,pixel,single,512,512,256393,overall_binary,short,200,200,200,6.082,59.335,2.513,136.928,266.778,332.541,3,2,9,1,1,,,[answer] | ↵ | [END],[answer]↵
20261005T070541Z,2,2026-10-05T07:12:51.579+00:00,2026-10-05T07:13:51.681+00:00,1791184371.579796,1791184431.681833,dd8a2c82-a294-4aac-8296-974df23e5180,11,release_mixed/S0000-GF-A96-EAS-T02-S1-LH-C1-I0003-F00.png,release_mixed,mixed,512,512,358192,overall_binary,short,200,200,200,7.697,70.87,2.25,134.087,60022.948,60102.036,4,4,34,0,1,,,[answer] | ↵ | 符合 | [ERROR]↵系統無法儲存紀錄，請稍後再試！,[answer]↵符合[ERROR]↵系統無法儲存紀錄，請稍後再試！
20261005T070541Z,2,2026-10-05T07:13:51.682+00:00,2026-10-05T07:13:52.542+00:00,1791184431.682136,1791184432.542777,dd8a2c82-a294-4aac-8296-974df23e5180,12,release/la_1/S883374229-GF-A54-EEA-T14-S1-LH-C1-I0038-F00.png,la_1,single,512,512,337577,overall_binary,short,200,200,200,10.408,77.152,2.302,157.712,772.561,860.64,33,32,50,1,1,,,[answer] | } | ** | 請 | 上,[answer]}**請上傳照片**。↵↵您尚未提供照片，請上傳您想要判斷的人像照片，我將為您分析。
20261005T070541Z,2,2026-10-05T07:13:52.543+00:00,2026-10-05T07:13:52.923+00:00,1791184432.543091,1791184432.923530,dd8a2c82-a294-4aac-8296-974df23e5180,13,release/mkup/S976538751-GM-A19-EAF-T14-S1-LH-C1-I0042-F00.png,mkup,single,512,512,331985,overall_binary,short,200,200,200,7.391,67.895,2.363,148.753,304.686,380.438,3,2,9,1,1,,,[answer] | ↵ | [END],[answer]↵
20261005T070541Z,2,2026-10-05T07:13:50.903+00:00,2026-10-05T07:14:51.004+00:00,1791184430.903106,1791184491.004348,0fd7f189-9f28-40de-b7a0-1d8a13968ba7,10,release/zoom/S744766748-GM-A69-EEA-T01-S1-LH-C1-I0008-F00.png,zoom,single,512,512,415692,overall_binary,short,200,200,200,5.54,68.827,1.985,153.159,60026.388,60101.241,5,5,35,0,1,,,[answer] | ↵ | 不 | 符合 | [ERROR]↵系統無法儲存紀錄，請稍後再試！,[answer]↵不符合[ERROR]↵系統無法儲存紀錄，請稍後再試！
20261005T070541Z,2,2026-10-05T07:14:51.005+00:00,2026-10-05T07:14:51.384+00:00,1791184491.005079,1791184491.384829,0fd7f189-9f28-40de-b7a0-1d8a13968ba7,11,release/bkg/S932980426-GM-A79-EME-T14-S1-LH-C1-I0014-F00.png,bkg,single,512,512,464609,overall_binary,short,200,200,200,16.97,82.459,2.414,145.932,279.649,379.749,5,4,12,1,1,,,[answer] | ↵ | 不 | 符合 | [END],[answer]↵不符合
20261005T070541Z,2,2026-10-05T07:14:51.385+00:00,2026-10-05T07:14:51.709+00:00,1791184491.385017,1791184491.709225,0fd7f189-9f28-40de-b7a0-1d8a13968ba7,12,release/poster/S592147976-GF-A52-EEA-T00-S1-LH-C1-I0049-F00.png,poster,single,512,512,80013,overall_binary,short,200,200,200,5.951,54.574,1.968,123.719,263.363,324.208,6,5,19,1,1,,,[answer] | ↵ | thought | ↵ | 符合,[answer]↵thought↵符合
20261005T070541Z,2,2026-10-05T07:13:52.923+00:00,2026-10-05T07:14:53.033+00:00,1791184432.923831,1791184493.033761,dd8a2c82-a294-4aac-8296-974df23e5180,14,release/expos/S187000211-GF-A54-EEA-T03-S1-LH-C1-I0063-F00.png,expos,single,512,512,331900,overall_binary,short,200,200,200,8.182,75.008,2.621,135.042,60026.288,60109.93,4,4,34,0,1,,,[answer] | ↵ | 符合 | [ERROR]↵系統無法儲存紀錄，請稍後再試！,[answer]↵符合[ERROR]↵系統無法儲存紀錄，請稍後再試！
20261005T070541Z,2,2026-10-05T07:14:53.033+00:00,2026-10-05T07:14:53.397+00:00,1791184493.034001,1791184493.397617,dd8a2c82-a294-4aac-8296-974df23e5180,15,release/zoom/S150094415-GF-A53-EME-T10-S1-LH-C1-I0055-F00.png,zoom,single,512,512,432627,overall_binary,short,200,200,200,9.603,79.864,2.457,140.004,273.827,363.615,4,3,11,1,1,,,[answer] | ↵ | 符合 | [END],[answer]↵符合
20261005T070541Z,2,2026-10-05T07:14:53.397+00:00,2026-10-05T07:14:53.812+00:00,1791184493.397839,1791184493.812046,dd8a2c82-a294-4aac-8296-974df23e5180,16,release/sm/S554872844-GF-A81-EIA-T00-S1-LH-C1-I0062-F00.png,sm,single,512,512,238776,overall_binary,short,200,200,200,5.805,137.098,2.213,135.646,270.996,414.207,7,6,16,1,1,,,[answer] | } | ** | 不 | 符合,[answer]}**不符合**
20261005T070541Z,2,2026-10-05T07:14:51.709+00:00,2026-10-05T07:15:51.807+00:00,1791184491.709449,1791184551.807749,0fd7f189-9f28-40de-b7a0-1d8a13968ba7,13,release_mixed/S0000-GF-A27-EEA-T10-S1-LH-C1-I0001-F00.png,release_mixed,mixed,512,512,338223,overall_binary,short,200,200,200,5.601,68.475,2.188,133.914,60023.879,60098.299,6,6,42,0,1,,,[answer] | ↵ | thought | ↵ | 符合,[answer]↵thought↵符合[ERROR]↵系統無法儲存紀錄，請稍後再試！
20261005T070541Z,2,2026-10-05T07:14:53.812+00:00,2026-10-05T07:15:53.918+00:00,1791184493.812259,1791184553.918133,dd8a2c82-a294-4aac-8296-974df23e5180,17,release/zoom/S590103000-GF-A47-EEA-T01-S1-LH-C1-I0047-F00.png,zoom,single,512,512,436062,overall_binary,short,200,200,200,6.068,75.453,2.108,136.294,60024.028,60105.873,4,4,34,0,1,,,[answer] | ↵ | 符合 | [ERROR]↵系統無法儲存紀錄，請稍後再試！,[answer]↵符合[ERROR]↵系統無法儲存紀錄，請稍後再試！
